trial,testing,parameters,initial_deadline,final_deadline,net_reward,actions,success
1,False,"{'a': 0.02, 'e': 1.0}",30,0,-109.60641889414822,"{0: 17, 1: 7, 2: 4, 3: 1, 4: 1}",0
2,False,"{'a': 0.02, 'e': 0.9801986733067553}",20,0,-51.79227157795213,"{0: 12, 1: 5, 2: 2, 3: 1, 4: 0}",0
3,False,"{'a': 0.02, 'e': 0.9607894391523232}",25,0,-86.6070888623835,"{0: 15, 1: 2, 2: 7, 3: 1, 4: 0}",0
4,False,"{'a': 0.02, 'e': 0.9417645335842487}",25,0,-110.10475105954328,"{0: 15, 1: 1, 2: 8, 3: 0, 4: 1}",0
5,False,"{'a': 0.02, 'e': 0.9231163463866358}",20,0,-123.63845411819871,"{0: 7, 1: 5, 2: 7, 3: 0, 4: 1}",0
6,False,"{'a': 0.02, 'e': 0.9048374180359595}",20,0,-118.04806987579528,"{0: 12, 1: 3, 2: 2, 3: 1, 4: 2}",0
7,False,"{'a': 0.02, 'e': 0.8869204367171575}",20,0,-56.59251260917292,"{0: 15, 1: 1, 2: 3, 3: 0, 4: 1}",0
8,False,"{'a': 0.02, 'e': 0.8693582353988059}",25,0,-132.53149587057717,"{0: 17, 1: 3, 2: 2, 3: 0, 4: 3}",0
9,False,"{'a': 0.02, 'e': 0.8521437889662113}",20,0,-134.20562525775637,"{0: 10, 1: 1, 2: 6, 3: 2, 4: 1}",0
10,False,"{'a': 0.02, 'e': 0.835270211411272}",20,0,-47.85965745117967,"{0: 16, 1: 0, 2: 3, 3: 0, 4: 1}",0
11,False,"{'a': 0.02, 'e': 0.8187307530779818}",20,0,-58.89143052517154,"{0: 12, 1: 3, 2: 4, 3: 1, 4: 0}",0
12,False,"{'a': 0.02, 'e': 0.8025187979624785}",20,0,-18.386680650198507,"{0: 15, 1: 3, 2: 2, 3: 0, 4: 0}",0
13,False,"{'a': 0.02, 'e': 0.7866278610665535}",25,0,-106.07388561372022,"{0: 17, 1: 4, 2: 1, 3: 1, 4: 2}",0
14,False,"{'a': 0.02, 'e': 0.7710515858035663}",20,0,-129.855921637255,"{0: 6, 1: 3, 2: 10, 3: 1, 4: 0}",0
15,False,"{'a': 0.02, 'e': 0.7557837414557255}",20,0,-36.784705374823524,"{0: 15, 1: 1, 2: 3, 3: 1, 4: 0}",0
16,False,"{'a': 0.02, 'e': 0.7408182206817179}",25,0,-158.5672047536752,"{0: 13, 1: 3, 2: 6, 3: 1, 4: 2}",0
17,False,"{'a': 0.02, 'e': 0.7261490370736909}",30,0,-69.39640311922246,"{0: 22, 1: 3, 2: 4, 3: 0, 4: 1}",0
18,False,"{'a': 0.02, 'e': 0.7117703227626097}",25,5,-68.09908608579711,"{0: 15, 1: 0, 2: 3, 3: 1, 4: 1}",1
19,False,"{'a': 0.02, 'e': 0.697676326071031}",30,0,14.329544181308604,"{0: 27, 1: 2, 2: 1, 3: 0, 4: 0}",0
20,False,"{'a': 0.02, 'e': 0.6838614092123558}",25,5,-104.22037656391151,"{0: 13, 1: 1, 2: 4, 3: 0, 4: 2}",1
21,False,"{'a': 0.02, 'e': 0.6703200460356393}",25,17,-37.28527603117238,"{0: 6, 1: 1, 2: 0, 3: 0, 4: 1}",1
22,False,"{'a': 0.02, 'e': 0.6570468198150567}",30,16,-31.855553482592732,"{0: 10, 1: 1, 2: 2, 3: 1, 4: 0}",1
23,False,"{'a': 0.02, 'e': 0.6440364210831414}",25,0,-53.463895763340474,"{0: 17, 1: 3, 2: 4, 3: 1, 4: 0}",0
24,False,"{'a': 0.02, 'e': 0.631283645506926}",20,2,-12.348039211350265,"{0: 15, 1: 0, 2: 3, 3: 0, 4: 0}",1
25,False,"{'a': 0.02, 'e': 0.6187833918061408}",20,0,3.8646733402829465,"{0: 18, 1: 0, 2: 2, 3: 0, 4: 0}",0
26,False,"{'a': 0.02, 'e': 0.6065306597126334}",25,0,-59.150643317540414,"{0: 18, 1: 1, 2: 5, 3: 1, 4: 0}",0
27,False,"{'a': 0.02, 'e': 0.5945205479701944}",25,11,0.5564548266843781,"{0: 12, 1: 0, 2: 2, 3: 0, 4: 0}",1
28,False,"{'a': 0.02, 'e': 0.5827482523739896}",30,0,-150.88239055111612,"{0: 21, 1: 1, 2: 3, 3: 3, 4: 2}",0
29,False,"{'a': 0.02, 'e': 0.5712090638488149}",25,0,-53.4322604262335,"{0: 19, 1: 2, 2: 1, 3: 3, 4: 0}",0
30,False,"{'a': 0.02, 'e': 0.559898366565402}",20,12,-3.8373887562774414,"{0: 6, 1: 1, 2: 1, 3: 0, 4: 0}",1
31,False,"{'a': 0.02, 'e': 0.5488116360940265}",30,0,-62.723992737412225,"{0: 26, 1: 1, 2: 1, 3: 0, 4: 2}",0
32,False,"{'a': 0.02, 'e': 0.5379444375946745}",20,12,-48.098326731102745,"{0: 6, 1: 0, 2: 0, 3: 1, 4: 1}",1
33,False,"{'a': 0.02, 'e': 0.5272924240430485}",20,0,-74.80097560660946,"{0: 13, 1: 1, 2: 5, 3: 0, 4: 1}",0
34,False,"{'a': 0.02, 'e': 0.5168513344916992}",20,0,-19.556273595940553,"{0: 16, 1: 1, 2: 3, 3: 0, 4: 0}",0
35,False,"{'a': 0.02, 'e': 0.5066169923655895}",20,6,-72.23952675637342,"{0: 9, 1: 1, 2: 2, 3: 1, 4: 1}",1
36,False,"{'a': 0.02, 'e': 0.49658530379140947}",20,4,-6.186550041896853,"{0: 14, 1: 0, 2: 1, 3: 1, 4: 0}",1
37,False,"{'a': 0.02, 'e': 0.4867522559599717}",20,3,-30.939291062931144,"{0: 15, 1: 0, 2: 1, 3: 0, 4: 1}",1
38,False,"{'a': 0.02, 'e': 0.4771139155210344}",30,9,-7.673925892836203,"{0: 17, 1: 1, 2: 3, 3: 0, 4: 0}",1
39,False,"{'a': 0.02, 'e': 0.46766642700990924}",20,11,16.5537235310387,"{0: 9, 1: 0, 2: 0, 3: 0, 4: 0}",1
40,False,"{'a': 0.02, 'e': 0.4584060113052235}",20,2,-4.280975702165464,"{0: 15, 1: 2, 2: 1, 3: 0, 4: 0}",1
41,False,"{'a': 0.02, 'e': 0.44932896411722156}",20,0,-79.06197918856874,"{0: 14, 1: 0, 2: 4, 3: 1, 4: 1}",0
42,False,"{'a': 0.02, 'e': 0.44043165450599925}",20,1,-43.24741524055567,"{0: 13, 1: 2, 2: 3, 3: 1, 4: 0}",1
43,False,"{'a': 0.02, 'e': 0.43171052342907973}",20,1,17.954698905667076,"{0: 18, 1: 1, 2: 0, 3: 0, 4: 0}",1
44,False,"{'a': 0.02, 'e': 0.4231620823177488}",20,4,6.261197492570059,"{0: 13, 1: 3, 2: 0, 3: 0, 4: 0}",1
45,False,"{'a': 0.02, 'e': 0.4147829116815814}",25,0,12.388322611773793,"{0: 23, 1: 1, 2: 0, 3: 1, 4: 0}",0
46,False,"{'a': 0.02, 'e': 0.4065696597405991}",20,12,-51.26510650550224,"{0: 5, 1: 0, 2: 2, 3: 0, 4: 1}",1
47,False,"{'a': 0.02, 'e': 0.39851904108451414}",25,0,6.816923374323513,"{0: 22, 1: 1, 2: 2, 3: 0, 4: 0}",0
48,False,"{'a': 0.02, 'e': 0.3906278353585211}",25,17,4.431863031234931,"{0: 7, 1: 0, 2: 1, 3: 0, 4: 0}",1
49,False,"{'a': 0.02, 'e': 0.38289288597511206}",25,14,-15.023502445346868,"{0: 9, 1: 0, 2: 1, 3: 1, 4: 0}",1
50,False,"{'a': 0.02, 'e': 0.37531109885139957}",20,3,-18.21515743975498,"{0: 13, 1: 0, 2: 4, 3: 0, 4: 0}",1
51,False,"{'a': 0.02, 'e': 0.36787944117144233}",20,2,-3.760008223104417,"{0: 15, 1: 1, 2: 2, 3: 0, 4: 0}",1
52,False,"{'a': 0.02, 'e': 0.3605949401730783}",25,6,18.551508148382474,"{0: 18, 1: 0, 2: 1, 3: 0, 4: 0}",1
53,False,"{'a': 0.02, 'e': 0.35345468195878016}",25,13,-58.93914068556147,"{0: 10, 1: 0, 2: 0, 3: 0, 4: 2}",1
54,False,"{'a': 0.02, 'e': 0.3464558103300574}",30,4,-85.23791690720722,"{0: 20, 1: 1, 2: 1, 3: 3, 4: 1}",1
55,False,"{'a': 0.02, 'e': 0.3395955256449391}",20,2,-95.68023761327775,"{0: 13, 1: 1, 2: 1, 3: 1, 4: 2}",1
56,False,"{'a': 0.02, 'e': 0.33287108369807955}",25,12,-8.997144628905941,"{0: 11, 1: 0, 2: 1, 3: 1, 4: 0}",1
57,False,"{'a': 0.02, 'e': 0.32627979462303947}",25,1,-21.811713849862613,"{0: 22, 1: 0, 2: 1, 3: 0, 4: 1}",1
58,False,"{'a': 0.02, 'e': 0.31981902181630384}",30,0,-5.1327120785679305,"{0: 29, 1: 0, 2: 0, 3: 0, 4: 1}",0
59,False,"{'a': 0.02, 'e': 0.3134861808826053}",20,3,-56.69337048981265,"{0: 15, 1: 0, 2: 0, 3: 0, 4: 2}",1
60,False,"{'a': 0.02, 'e': 0.30727873860113125}",20,14,-0.05160682481969037,"{0: 5, 1: 0, 2: 1, 3: 0, 4: 0}",1
61,False,"{'a': 0.02, 'e': 0.30119421191220214}",25,0,-22.04404622312247,"{0: 21, 1: 0, 2: 3, 3: 1, 4: 0}",0
62,False,"{'a': 0.02, 'e': 0.2952301669240142}",20,10,-2.9938599851843124,"{0: 8, 1: 0, 2: 2, 3: 0, 4: 0}",1
63,False,"{'a': 0.02, 'e': 0.2893842179390506}",25,0,-42.35264219890222,"{0: 21, 1: 0, 2: 3, 3: 0, 4: 1}",0
64,False,"{'a': 0.02, 'e': 0.2836540264997704}",25,9,-5.581363636778052,"{0: 14, 1: 0, 2: 1, 3: 1, 4: 0}",1
65,False,"{'a': 0.02, 'e': 0.27803730045319414}",20,0,19.645055805298124,"{0: 19, 1: 1, 2: 0, 3: 0, 4: 0}",0
66,False,"{'a': 0.02, 'e': 0.2725317930340126}",25,1,-40.356870900584546,"{0: 20, 1: 0, 2: 3, 3: 0, 4: 1}",1
67,False,"{'a': 0.02, 'e': 0.26713530196585034}",30,12,-9.333893009437224,"{0: 17, 1: 0, 2: 0, 3: 0, 4: 1}",1
68,False,"{'a': 0.02, 'e': 0.261845668580326}",30,4,2.8411253099206055,"{0: 22, 1: 2, 2: 2, 3: 0, 4: 0}",1
69,False,"{'a': 0.02, 'e': 0.2566607769535559}",20,0,-36.88189976342015,"{0: 16, 1: 2, 2: 1, 3: 0, 4: 1}",0
70,False,"{'a': 0.02, 'e': 0.25157855305975646}",20,6,22.55617780817747,"{0: 14, 1: 0, 2: 0, 3: 0, 4: 0}",1
71,False,"{'a': 0.02, 'e': 0.24659696394160643}",25,14,21.00177682673117,"{0: 11, 1: 0, 2: 0, 3: 0, 4: 0}",1
72,False,"{'a': 0.02, 'e': 0.24171401689703645}",20,0,27.782827092093363,"{0: 20, 1: 0, 2: 0, 3: 0, 4: 0}",0
73,False,"{'a': 0.02, 'e': 0.23692775868212176}",20,2,12.750561067926736,"{0: 17, 1: 0, 2: 1, 3: 0, 4: 0}",1
74,False,"{'a': 0.02, 'e': 0.23223627472975883}",20,0,-51.14364023954093,"{0: 16, 1: 0, 2: 3, 3: 0, 4: 1}",0
75,False,"{'a': 0.02, 'e': 0.22763768838381274}",25,1,37.09937341297325,"{0: 24, 1: 0, 2: 0, 3: 0, 4: 0}",1
76,False,"{'a': 0.02, 'e': 0.22313016014842982}",25,5,-12.917578808522379,"{0: 19, 1: 0, 2: 0, 3: 0, 4: 1}",1
77,False,"{'a': 0.02, 'e': 0.21871188695221475}",30,0,5.903127487577317,"{0: 25, 1: 3, 2: 2, 3: 0, 4: 0}",1
78,False,"{'a': 0.02, 'e': 0.21438110142697794}",20,6,-2.3752967602270614,"{0: 12, 1: 0, 2: 2, 3: 0, 4: 0}",1
79,False,"{'a': 0.02, 'e': 0.21013607120076472}",30,12,19.14260305341608,"{0: 17, 1: 0, 2: 1, 3: 0, 4: 0}",1
80,False,"{'a': 0.02, 'e': 0.20597509820488344}",25,15,4.124715206946993,"{0: 9, 1: 0, 2: 1, 3: 0, 4: 0}",1
81,False,"{'a': 0.02, 'e': 0.20189651799465538}",25,0,-5.63631768337276,"{0: 22, 1: 1, 2: 1, 3: 1, 4: 0}",0
82,False,"{'a': 0.02, 'e': 0.19789869908361465}",25,14,-27.80714246864949,"{0: 9, 1: 1, 2: 0, 3: 0, 4: 1}",1
83,False,"{'a': 0.02, 'e': 0.19398004229089189}",20,2,-5.223433593269946,"{0: 16, 1: 0, 2: 1, 3: 1, 4: 0}",1
84,False,"{'a': 0.02, 'e': 0.1901389801015205}",30,5,18.992945957517183,"{0: 24, 1: 0, 2: 1, 3: 0, 4: 0}",1
85,False,"{'a': 0.02, 'e': 0.18637397603940997}",20,6,17.438950399007,"{0: 13, 1: 1, 2: 0, 3: 0, 4: 0}",1
86,False,"{'a': 0.02, 'e': 0.18268352405273466}",25,0,12.373552734519565,"{0: 23, 1: 0, 2: 2, 3: 0, 4: 0}",0
87,False,"{'a': 0.02, 'e': 0.17906614791149322}",20,13,12.649083226681007,"{0: 7, 1: 0, 2: 0, 3: 0, 4: 0}",1
88,False,"{'a': 0.02, 'e': 0.17552040061699686}",20,10,16.891837674303193,"{0: 10, 1: 0, 2: 0, 3: 0, 4: 0}",1
89,False,"{'a': 0.02, 'e': 0.17204486382305054}",25,11,22.379911002078664,"{0: 14, 1: 0, 2: 0, 3: 0, 4: 0}",1
90,False,"{'a': 0.02, 'e': 0.1686381472685955}",25,10,19.481741909451532,"{0: 14, 1: 1, 2: 0, 3: 0, 4: 0}",1
91,False,"{'a': 0.02, 'e': 0.16529888822158653}",20,15,-3.305802697090238,"{0: 4, 1: 0, 2: 1, 3: 0, 4: 0}",1
92,False,"{'a': 0.02, 'e': 0.16202575093388075}",30,2,22.761254643699402,"{0: 26, 1: 1, 2: 1, 3: 0, 4: 0}",1
93,False,"{'a': 0.02, 'e': 0.15881742610692068}",20,11,13.46915028364569,"{0: 9, 1: 0, 2: 0, 3: 0, 4: 0}",1
94,False,"{'a': 0.02, 'e': 0.1556726303679973}",20,6,20.413288522515533,"{0: 14, 1: 0, 2: 0, 3: 0, 4: 0}",1
95,False,"{'a': 0.02, 'e': 0.15259010575688386}",20,2,32.722143983676254,"{0: 18, 1: 0, 2: 0, 3: 0, 4: 0}",1
96,False,"{'a': 0.02, 'e': 0.14956861922263504}",20,0,17.85994614243587,"{0: 19, 1: 0, 2: 1, 3: 0, 4: 0}",0
97,False,"{'a': 0.02, 'e': 0.14660696213035015}",20,7,18.49258188753752,"{0: 12, 1: 1, 2: 0, 3: 0, 4: 0}",1
98,False,"{'a': 0.02, 'e': 0.14370394977770293}",20,3,17.235519119358074,"{0: 16, 1: 0, 2: 1, 3: 0, 4: 0}",1
99,False,"{'a': 0.02, 'e': 0.140858420921045}",25,0,-26.23665484404057,"{0: 22, 1: 0, 2: 2, 3: 0, 4: 1}",0
100,False,"{'a': 0.02, 'e': 0.13806923731089282}",20,1,28.06184571242134,"{0: 19, 1: 0, 2: 0, 3: 0, 4: 0}",1
101,False,"{'a': 0.02, 'e': 0.1353352832366127}",20,16,9.647678465973426,"{0: 4, 1: 0, 2: 0, 3: 0, 4: 0}",1
102,False,"{'a': 0.02, 'e': 0.13265546508012172}",25,2,8.48334184985034,"{0: 21, 1: 0, 2: 2, 3: 0, 4: 0}",1
103,False,"{'a': 0.02, 'e': 0.1300287108784259}",20,6,11.40929902652558,"{0: 13, 1: 0, 2: 1, 3: 0, 4: 0}",1
104,False,"{'a': 0.02, 'e': 0.12745396989482075}",20,0,28.26532480880859,"{0: 20, 1: 0, 2: 0, 3: 0, 4: 0}",0
105,False,"{'a': 0.02, 'e': 0.12493021219858241}",20,0,27.91837541635005,"{0: 20, 1: 0, 2: 0, 3: 0, 4: 0}",0
106,False,"{'a': 0.02, 'e': 0.1224564282529819}",25,6,2.646912017740692,"{0: 17, 1: 0, 2: 1, 3: 1, 4: 0}",1
107,False,"{'a': 0.02, 'e': 0.12003162851145673}",25,6,13.752543668664035,"{0: 17, 1: 1, 2: 1, 3: 0, 4: 0}",1
108,False,"{'a': 0.02, 'e': 0.11765484302177918}",30,11,29.76156532773224,"{0: 19, 1: 0, 2: 0, 3: 0, 4: 0}",1
109,False,"{'a': 0.02, 'e': 0.11532512103806251}",25,18,4.725983320074613,"{0: 6, 1: 1, 2: 0, 3: 0, 4: 0}",1
110,False,"{'a': 0.02, 'e': 0.11304153064044985}",20,2,33.7798481686164,"{0: 18, 1: 0, 2: 0, 3: 0, 4: 0}",1
111,False,"{'a': 0.02, 'e': 0.11080315836233387}",20,14,-0.7228104745159976,"{0: 5, 1: 0, 2: 1, 3: 0, 4: 0}",1
112,False,"{'a': 0.02, 'e': 0.10860910882495796}",25,0,33.10224080269688,"{0: 25, 1: 0, 2: 0, 3: 0, 4: 0}",0
113,False,"{'a': 0.02, 'e': 0.1064585043792528}",20,12,13.228492661816146,"{0: 8, 1: 0, 2: 0, 3: 0, 4: 0}",1
114,False,"{'a': 0.02, 'e': 0.104350484754765}",20,10,2.592632521603319,"{0: 9, 1: 0, 2: 1, 3: 0, 4: 0}",1
115,False,"{'a': 0.02, 'e': 0.10228420671553744}",20,10,16.598057326383874,"{0: 10, 1: 0, 2: 0, 3: 0, 4: 0}",1
116,False,"{'a': 0.02, 'e': 0.1002588437228037}",25,4,25.462850479728477,"{0: 20, 1: 1, 2: 0, 3: 0, 4: 0}",1
117,False,"{'a': 0.02, 'e': 0.09827358560436154}",25,0,8.763556685626085,"{0: 23, 1: 0, 2: 1, 3: 1, 4: 0}",0
118,False,"{'a': 0.02, 'e': 0.09632763823049303}",30,10,31.914076603655314,"{0: 20, 1: 0, 2: 0, 3: 0, 4: 0}",1
119,False,"{'a': 0.02, 'e': 0.09442022319630235}",25,3,-16.104082503085497,"{0: 20, 1: 1, 2: 0, 3: 0, 4: 1}",1
120,False,"{'a': 0.02, 'e': 0.09255057751034329}",25,18,13.579742259722277,"{0: 7, 1: 0, 2: 0, 3: 0, 4: 0}",1
121,False,"{'a': 0.02, 'e': 0.09071795328941251}",30,17,22.019992160222696,"{0: 13, 1: 0, 2: 0, 3: 0, 4: 0}",1
122,False,"{'a': 0.02, 'e': 0.08892161745938634}",20,0,27.356299842915785,"{0: 20, 1: 0, 2: 0, 3: 0, 4: 0}",0
123,False,"{'a': 0.02, 'e': 0.0871608514619813}",25,14,16.29462621362801,"{0: 11, 1: 0, 2: 0, 3: 0, 4: 0}",1
124,False,"{'a': 0.02, 'e': 0.08543495096732123}",30,20,10.264537896495355,"{0: 9, 1: 1, 2: 0, 3: 0, 4: 0}",1
125,False,"{'a': 0.02, 'e': 0.08374322559219596}",25,9,15.712104021356442,"{0: 15, 1: 0, 2: 1, 3: 0, 4: 0}",1
126,False,"{'a': 0.02, 'e': 0.0820849986238988}",20,3,25.631205277409496,"{0: 17, 1: 0, 2: 0, 3: 0, 4: 0}",1
127,False,"{'a': 0.02, 'e': 0.08045960674953244}",20,0,29.49829046031091,"{0: 20, 1: 0, 2: 0, 3: 0, 4: 0}",1
128,False,"{'a': 0.02, 'e': 0.07886639979067495}",30,18,22.285429103769044,"{0: 12, 1: 0, 2: 0, 3: 0, 4: 0}",1
129,False,"{'a': 0.02, 'e': 0.07730474044329974}",20,9,16.193300670628304,"{0: 11, 1: 0, 2: 0, 3: 0, 4: 0}",1
130,False,"{'a': 0.02, 'e': 0.07577400402284548}",20,0,-3.2411530015130063,"{0: 18, 1: 0, 2: 1, 3: 1, 4: 0}",0
131,False,"{'a': 0.02, 'e': 0.07427357821433388}",30,0,43.984958066671496,"{0: 30, 1: 0, 2: 0, 3: 0, 4: 0}",0
132,False,"{'a': 0.02, 'e': 0.07280286282743559}",25,12,23.59036921373238,"{0: 13, 1: 0, 2: 0, 3: 0, 4: 0}",1
133,False,"{'a': 0.02, 'e': 0.07136126955638605}",20,0,21.934758010920014,"{0: 19, 1: 1, 2: 0, 3: 0, 4: 0}",0
134,False,"{'a': 0.02, 'e': 0.06994822174465536}",20,16,7.292846071083556,"{0: 4, 1: 0, 2: 0, 3: 0, 4: 0}",1
135,False,"{'a': 0.02, 'e': 0.06856315415427791}",25,5,23.477128299130115,"{0: 19, 1: 0, 2: 1, 3: 0, 4: 0}",1
136,False,"{'a': 0.02, 'e': 0.06720551273974976}",25,20,9.041888093249655,"{0: 5, 1: 0, 2: 0, 3: 0, 4: 0}",1
137,False,"{'a': 0.02, 'e': 0.06587475442640295}",30,13,20.996312340186172,"{0: 16, 1: 0, 2: 1, 3: 0, 4: 0}",1
138,False,"{'a': 0.02, 'e': 0.06457034689316847}",20,4,26.126899333928215,"{0: 16, 1: 0, 2: 0, 3: 0, 4: 0}",1
139,False,"{'a': 0.02, 'e': 0.0632917683596407}",20,0,26.06668789767859,"{0: 20, 1: 0, 2: 0, 3: 0, 4: 0}",0
140,False,"{'a': 0.02, 'e': 0.06203850737735829}",20,12,4.723189884176686,"{0: 7, 1: 0, 2: 1, 3: 0, 4: 0}",1
141,False,"{'a': 0.02, 'e': 0.06081006262521795}",20,2,14.505553449550131,"{0: 17, 1: 0, 2: 1, 3: 0, 4: 0}",1
142,False,"{'a': 0.02, 'e': 0.05960594270893937}",30,3,25.258554735071783,"{0: 26, 1: 0, 2: 1, 3: 0, 4: 0}",1
143,False,"{'a': 0.02, 'e': 0.05842566596450083}",30,1,47.92661422461852,"{0: 29, 1: 0, 2: 0, 3: 0, 4: 0}",1
144,False,"{'a': 0.02, 'e': 0.05726876026546736}",20,8,21.917104669137554,"{0: 12, 1: 0, 2: 0, 3: 0, 4: 0}",1
145,False,"{'a': 0.02, 'e': 0.056134762834133725}",20,3,31.492925457108065,"{0: 17, 1: 0, 2: 0, 3: 0, 4: 0}",1
146,False,"{'a': 0.02, 'e': 0.05502322005640723}",20,0,17.35615669594095,"{0: 19, 1: 0, 2: 1, 3: 0, 4: 0}",0
147,False,"{'a': 0.02, 'e': 0.05393368730035602}",20,2,33.73155617304899,"{0: 18, 1: 0, 2: 0, 3: 0, 4: 0}",1
148,False,"{'a': 0.02, 'e': 0.05286572873835037}",25,13,20.89040988301928,"{0: 12, 1: 0, 2: 0, 3: 0, 4: 0}",1
149,False,"{'a': 0.02, 'e': 0.05181891717272583}",20,0,-13.574599434621307,"{0: 19, 1: 0, 2: 0, 3: 0, 4: 1}",0
150,False,"{'a': 0.02, 'e': 0.0507928338648985}",25,8,32.329508997063,"{0: 17, 1: 0, 2: 0, 3: 0, 4: 0}",1
151,False,"{'a': 0.02, 'e': 0.049787068367863944}",20,7,23.546684032382267,"{0: 13, 1: 0, 2: 0, 3: 0, 4: 0}",1
152,False,"{'a': 0.02, 'e': 0.04880121836201296}",25,9,25.43593899851392,"{0: 16, 1: 0, 2: 0, 3: 0, 4: 0}",1
153,False,"{'a': 0.02, 'e': 0.04783488949419837}",20,2,27.030048565185883,"{0: 18, 1: 0, 2: 0, 3: 0, 4: 0}",1
154,False,"{'a': 0.02, 'e': 0.046887695219988486}",25,17,14.057898797900027,"{0: 8, 1: 0, 2: 0, 3: 0, 4: 0}",1
155,False,"{'a': 0.02, 'e': 0.045959256649044204}",20,0,32.15918519118323,"{0: 20, 1: 0, 2: 0, 3: 0, 4: 0}",0
156,False,"{'a': 0.02, 'e': 0.0450492023935578}",20,11,-8.643196757657313,"{0: 8, 1: 0, 2: 0, 3: 1, 4: 0}",1
157,False,"{'a': 0.02, 'e': 0.04415716841969286}",30,20,16.14663955777934,"{0: 10, 1: 0, 2: 0, 3: 0, 4: 0}",1
158,False,"{'a': 0.02, 'e': 0.043282797901965896}",25,13,21.393536690032473,"{0: 12, 1: 0, 2: 0, 3: 0, 4: 0}",1
159,False,"{'a': 0.02, 'e': 0.042425741080511385}",20,0,36.980971872493235,"{0: 20, 1: 0, 2: 0, 3: 0, 4: 0}",0
160,False,"{'a': 0.02, 'e': 0.04158565512117316}",30,18,22.524230756609008,"{0: 12, 1: 0, 2: 0, 3: 0, 4: 0}",1
161,False,"{'a': 0.02, 'e': 0.04076220397836621}",25,13,21.18899490633527,"{0: 12, 1: 0, 2: 0, 3: 0, 4: 0}",1
162,False,"{'a': 0.02, 'e': 0.039955058260653896}",25,17,15.461925103627637,"{0: 8, 1: 0, 2: 0, 3: 0, 4: 0}",1
163,False,"{'a': 0.02, 'e': 0.039163895098987066}",20,1,24.733581864921153,"{0: 19, 1: 0, 2: 0, 3: 0, 4: 0}",1
164,False,"{'a': 0.02, 'e': 0.038388398017552054}",25,17,14.530728137732881,"{0: 8, 1: 0, 2: 0, 3: 0, 4: 0}",1
165,False,"{'a': 0.02, 'e': 0.0376282568071762}",20,7,19.451114497230222,"{0: 13, 1: 0, 2: 0, 3: 0, 4: 0}",1
166,False,"{'a': 0.02, 'e': 0.036883167401239994}",20,10,17.91000288912667,"{0: 10, 1: 0, 2: 0, 3: 0, 4: 0}",1
167,False,"{'a': 0.02, 'e': 0.03615283175404641}",20,0,24.245305373621726,"{0: 19, 1: 1, 2: 0, 3: 0, 4: 0}",1
168,False,"{'a': 0.02, 'e': 0.03543695772159864}",20,0,31.262530232327354,"{0: 20, 1: 0, 2: 0, 3: 0, 4: 0}",0
169,False,"{'a': 0.02, 'e': 0.03473525894473856}",25,11,24.771815764880408,"{0: 14, 1: 0, 2: 0, 3: 0, 4: 0}",1
170,False,"{'a': 0.02, 'e': 0.034047454734599344}",30,1,41.5902524281213,"{0: 29, 1: 0, 2: 0, 3: 0, 4: 0}",1
171,False,"{'a': 0.02, 'e': 0.03337326996032608}",20,0,28.66390009964159,"{0: 20, 1: 0, 2: 0, 3: 0, 4: 0}",0
172,False,"{'a': 0.02, 'e': 0.03271243493901982}",20,12,16.210628355006104,"{0: 8, 1: 0, 2: 0, 3: 0, 4: 0}",1
173,False,"{'a': 0.02, 'e': 0.03206468532786077}",20,11,6.8488294894661506,"{0: 8, 1: 0, 2: 1, 3: 0, 4: 0}",1
174,False,"{'a': 0.02, 'e': 0.03142976201836771}",20,7,-1.7553699864133625,"{0: 11, 1: 0, 2: 2, 3: 0, 4: 0}",1
175,False,"{'a': 0.02, 'e': 0.030807411032751076}",30,0,44.90757074812224,"{0: 30, 1: 0, 2: 0, 3: 0, 4: 0}",0
176,False,"{'a': 0.02, 'e': 0.0301973834223185}",25,18,11.010656513954693,"{0: 7, 1: 0, 2: 0, 3: 0, 4: 0}",1
177,False,"{'a': 0.02, 'e': 0.029599435167892}",20,0,29.70357612788357,"{0: 20, 1: 0, 2: 0, 3: 0, 4: 0}",0
178,False,"{'a': 0.02, 'e': 0.029013327082197053}",30,15,28.956630522930507,"{0: 15, 1: 0, 2: 0, 3: 0, 4: 0}",1
179,False,"{'a': 0.02, 'e': 0.028438824714184505}",20,5,23.951682613614075,"{0: 15, 1: 0, 2: 0, 3: 0, 4: 0}",1
180,False,"{'a': 0.02, 'e': 0.027875698255247015}",20,15,11.949758755054702,"{0: 5, 1: 0, 2: 0, 3: 0, 4: 0}",1
181,False,"{'a': 0.02, 'e': 0.02732372244729256}",25,20,11.539035499115219,"{0: 5, 1: 0, 2: 0, 3: 0, 4: 0}",1
182,False,"{'a': 0.02, 'e': 0.026782676492638175}",20,8,19.418656966958206,"{0: 12, 1: 0, 2: 0, 3: 0, 4: 0}",1
183,False,"{'a': 0.02, 'e': 0.02625234396568796}",30,13,36.0253233899409,"{0: 17, 1: 0, 2: 0, 3: 0, 4: 0}",1
184,False,"{'a': 0.02, 'e': 0.02573251272635994}",25,12,23.01405607112374,"{0: 13, 1: 0, 2: 0, 3: 0, 4: 0}",1
185,False,"{'a': 0.02, 'e': 0.025222974835227212}",20,12,15.195292594173194,"{0: 8, 1: 0, 2: 0, 3: 0, 4: 0}",1
186,False,"{'a': 0.02, 'e': 0.024723526470339388}",25,9,33.25027224163517,"{0: 16, 1: 0, 2: 0, 3: 0, 4: 0}",1
187,False,"{'a': 0.02, 'e': 0.024233967845691113}",20,8,19.129950770599056,"{0: 12, 1: 0, 2: 0, 3: 0, 4: 0}",1
188,False,"{'a': 0.02, 'e': 0.023754103131304997}",20,8,19.026881947440902,"{0: 12, 1: 0, 2: 0, 3: 0, 4: 0}",1
189,False,"{'a': 0.02, 'e': 0.023283740374897}",20,10,14.21231059101778,"{0: 10, 1: 0, 2: 0, 3: 0, 4: 0}",1
190,False,"{'a': 0.02, 'e': 0.02282269142509297}",20,2,28.229282208132695,"{0: 18, 1: 0, 2: 0, 3: 0, 4: 0}",1
191,False,"{'a': 0.02, 'e': 0.02237077185616559}",20,13,12.922294977194962,"{0: 7, 1: 0, 2: 0, 3: 0, 4: 0}",1
192,False,"{'a': 0.02, 'e': 0.02192780089426161}",20,13,12.704600360195682,"{0: 7, 1: 0, 2: 0, 3: 0, 4: 0}",1
193,False,"{'a': 0.02, 'e': 0.021493601345089923}",20,0,32.984438919623265,"{0: 20, 1: 0, 2: 0, 3: 0, 4: 0}",0
194,False,"{'a': 0.02, 'e': 0.021067999523041434}",20,8,22.22119827590851,"{0: 12, 1: 0, 2: 0, 3: 0, 4: 0}",1
195,False,"{'a': 0.02, 'e': 0.020650825181712566}",20,0,3.0695641347853795,"{0: 18, 1: 0, 2: 2, 3: 0, 4: 0}",0
196,False,"{'a': 0.02, 'e': 0.02024191144580439}",25,15,-22.845987502209336,"{0: 9, 1: 0, 2: 0, 3: 0, 4: 1}",1
197,False,"{'a': 0.02, 'e': 0.019841094744370288}",20,12,13.999206349941929,"{0: 8, 1: 0, 2: 0, 3: 0, 4: 0}",1
198,False,"{'a': 0.02, 'e': 0.01944821474538539}",20,11,15.832998457046005,"{0: 9, 1: 0, 2: 0, 3: 0, 4: 0}",1
199,False,"{'a': 0.02, 'e': 0.019063114291611637}",30,15,18.836156003786268,"{0: 14, 1: 0, 2: 1, 3: 0, 4: 0}",1
200,False,"{'a': 0.02, 'e': 0.018685639337732773}",20,11,17.223446820649134,"{0: 9, 1: 0, 2: 0, 3: 0, 4: 0}",1
201,False,"{'a': 0.02, 'e': 0.01831563888873418}",25,19,13.202156970108257,"{0: 6, 1: 0, 2: 0, 3: 0, 4: 0}",1
202,False,"{'a': 0.02, 'e': 0.01795296493950285}",25,9,27.315748798987304,"{0: 16, 1: 0, 2: 0, 3: 0, 4: 0}",1
203,False,"{'a': 0.02, 'e': 0.017597472415623393}",20,8,24.02753222925009,"{0: 12, 1: 0, 2: 0, 3: 0, 4: 0}",1
204,False,"{'a': 0.02, 'e': 0.017249019115346265}",35,13,-4.937101072771014,"{0: 21, 1: 0, 2: 0, 3: 0, 4: 1}",1
205,False,"{'a': 0.02, 'e': 0.01690746565270528}",20,8,22.781371013867037,"{0: 12, 1: 0, 2: 0, 3: 0, 4: 0}",1
206,False,"{'a': 0.02, 'e': 0.016572675401761255}",25,16,14.470931339823935,"{0: 9, 1: 0, 2: 0, 3: 0, 4: 0}",1
207,False,"{'a': 0.02, 'e': 0.01624451444194987}",35,24,7.736306576636594,"{0: 10, 1: 0, 2: 1, 3: 0, 4: 0}",1
208,False,"{'a': 0.02, 'e': 0.015922851504511698}",20,10,20.25771236248307,"{0: 10, 1: 0, 2: 0, 3: 0, 4: 0}",1
209,False,"{'a': 0.02, 'e': 0.01560755791998283}",20,8,17.945222929115086,"{0: 12, 1: 0, 2: 0, 3: 0, 4: 0}",1
210,False,"{'a': 0.02, 'e': 0.015298507566725518}",35,25,20.228684591184777,"{0: 10, 1: 0, 2: 0, 3: 0, 4: 0}",1
211,False,"{'a': 0.02, 'e': 0.014995576820477703}",30,22,13.819803282378743,"{0: 8, 1: 0, 2: 0, 3: 0, 4: 0}",1
212,False,"{'a': 0.02, 'e': 0.014698644504901784}",20,12,18.4798712496009,"{0: 8, 1: 0, 2: 0, 3: 0, 4: 0}",1
213,False,"{'a': 0.02, 'e': 0.01440759184311235}",25,0,34.667684454185924,"{0: 25, 1: 0, 2: 0, 3: 0, 4: 0}",0
214,False,"{'a': 0.02, 'e': 0.014122302410163962}",25,3,33.80627571214852,"{0: 22, 1: 0, 2: 0, 3: 0, 4: 0}",1
215,False,"{'a': 0.02, 'e': 0.013842662086479501}",20,6,22.183216000449775,"{0: 14, 1: 0, 2: 0, 3: 0, 4: 0}",1
216,False,"{'a': 0.02, 'e': 0.013568559012200934}",20,3,25.625086928747756,"{0: 17, 1: 0, 2: 0, 3: 0, 4: 0}",1
217,False,"{'a': 0.02, 'e': 0.013299883542443767}",20,6,23.278911577580597,"{0: 14, 1: 0, 2: 0, 3: 0, 4: 0}",1
218,False,"{'a': 0.02, 'e': 0.013036528203437736}",30,19,19.160575064352695,"{0: 11, 1: 0, 2: 0, 3: 0, 4: 0}",1
219,False,"{'a': 0.02, 'e': 0.01277838764953576}",20,13,12.775633833644443,"{0: 7, 1: 0, 2: 0, 3: 0, 4: 0}",1
220,False,"{'a': 0.02, 'e': 0.012525358621074385}",20,5,28.61880271766584,"{0: 15, 1: 0, 2: 0, 3: 0, 4: 0}",1
221,False,"{'a': 0.02, 'e': 0.012277339903068436}",25,15,17.83167935530995,"{0: 10, 1: 0, 2: 0, 3: 0, 4: 0}",1
222,False,"{'a': 0.02, 'e': 0.012034232284723775}",25,17,6.556331629329938,"{0: 7, 1: 0, 2: 1, 3: 0, 4: 0}",1
223,False,"{'a': 0.02, 'e': 0.011795938519751562}",30,9,36.149877441840275,"{0: 21, 1: 0, 2: 0, 3: 0, 4: 0}",1
224,False,"{'a': 0.02, 'e': 0.011562363287468536}",25,5,33.468257967827476,"{0: 20, 1: 0, 2: 0, 3: 0, 4: 0}",1
225,False,"{'a': 0.02, 'e': 0.011333413154667387}",25,11,25.924533381197534,"{0: 14, 1: 0, 2: 0, 3: 0, 4: 0}",1
226,False,"{'a': 0.02, 'e': 0.011108996538242306}",25,14,-27.069613280032677,"{0: 10, 1: 0, 2: 0, 3: 0, 4: 1}",1
227,False,"{'a': 0.02, 'e': 0.01088902366855444}",25,15,6.063165668090914,"{0: 9, 1: 0, 2: 1, 3: 0, 4: 0}",1
228,False,"{'a': 0.02, 'e': 0.010673406553522925}",30,16,27.356391962834316,"{0: 14, 1: 0, 2: 0, 3: 0, 4: 0}",1
229,False,"{'a': 0.02, 'e': 0.010462058943426795}",20,6,25.340183101040715,"{0: 14, 1: 0, 2: 0, 3: 0, 4: 0}",1
230,False,"{'a': 0.02, 'e': 0.010254896296404022}",25,8,21.128521942614057,"{0: 16, 1: 1, 2: 0, 3: 0, 4: 0}",1
231,False,"{'a': 0.02, 'e': 0.010051835744633576}",20,4,20.98143016365884,"{0: 16, 1: 0, 2: 0, 3: 0, 4: 0}",1
232,False,"{'a': 0.02, 'e': 0.009852796061187257}",20,3,26.134885704685058,"{0: 17, 1: 0, 2: 0, 3: 0, 4: 0}",1
1,True,"{'a': 0, 'e': 0}",20,7,17.78633073259726,"{0: 13, 1: 0, 2: 0, 3: 0, 4: 0}",1
2,True,"{'a': 0, 'e': 0}",20,15,7.477279296975998,"{0: 5, 1: 0, 2: 0, 3: 0, 4: 0}",1
3,True,"{'a': 0, 'e': 0}",25,8,30.006657984523233,"{0: 17, 1: 0, 2: 0, 3: 0, 4: 0}",1
4,True,"{'a': 0, 'e': 0}",25,7,26.17429224511164,"{0: 18, 1: 0, 2: 0, 3: 0, 4: 0}",1
5,True,"{'a': 0, 'e': 0}",20,8,20.61764101480054,"{0: 12, 1: 0, 2: 0, 3: 0, 4: 0}",1
6,True,"{'a': 0, 'e': 0}",25,3,36.59578515971776,"{0: 22, 1: 0, 2: 0, 3: 0, 4: 0}",1
7,True,"{'a': 0, 'e': 0}",25,5,38.00328106257732,"{0: 20, 1: 0, 2: 0, 3: 0, 4: 0}",1
8,True,"{'a': 0, 'e': 0}",25,0,38.00752610638529,"{0: 25, 1: 0, 2: 0, 3: 0, 4: 0}",0
9,True,"{'a': 0, 'e': 0}",20,0,30.16459753363002,"{0: 20, 1: 0, 2: 0, 3: 0, 4: 0}",0
10,True,"{'a': 0, 'e': 0}",20,1,33.86180558278819,"{0: 19, 1: 0, 2: 0, 3: 0, 4: 0}",1
11,True,"{'a': 0, 'e': 0}",25,2,34.81657820028685,"{0: 23, 1: 0, 2: 0, 3: 0, 4: 0}",1
12,True,"{'a': 0, 'e': 0}",25,13,23.684743913254195,"{0: 12, 1: 0, 2: 0, 3: 0, 4: 0}",1
13,True,"{'a': 0, 'e': 0}",25,15,18.069169575172168,"{0: 10, 1: 0, 2: 0, 3: 0, 4: 0}",1
14,True,"{'a': 0, 'e': 0}",30,8,38.461365037382954,"{0: 22, 1: 0, 2: 0, 3: 0, 4: 0}",1
15,True,"{'a': 0, 'e': 0}",20,8,18.569839055079584,"{0: 12, 1: 0, 2: 0, 3: 0, 4: 0}",1
16,True,"{'a': 0, 'e': 0}",25,8,30.69358798078278,"{0: 17, 1: 0, 2: 0, 3: 0, 4: 0}",1
17,True,"{'a': 0, 'e': 0}",20,9,17.3682498003512,"{0: 11, 1: 0, 2: 0, 3: 0, 4: 0}",1
18,True,"{'a': 0, 'e': 0}",20,5,20.843173243033977,"{0: 15, 1: 0, 2: 0, 3: 0, 4: 0}",1
19,True,"{'a': 0, 'e': 0}",25,4,30.83873669215343,"{0: 21, 1: 0, 2: 0, 3: 0, 4: 0}",1
20,True,"{'a': 0, 'e': 0}",25,20,9.274550451460453,"{0: 5, 1: 0, 2: 0, 3: 0, 4: 0}",1
